PAN_NO,TARGET_NO,CALL_TYPE,TOC,B_PARTY,LRN_NO,LRN_TSP,CALL_TIME,DURATION,FIRST_CGI,FIRST_LAT,FIRST_LON,LAST_CGI,LAST_LAT,LAST_LON,SMSC_NO,IMEI,IMSI,CALL_FWD,ROAM_NO,SW4MSCID,IN_TG,OUT_TG
PAN100138,9123456780,SMS-MO,SMS,9312850944,5981470996,BSNL,2026-07-01 09:28:25,0,CGI03871,26.52643,80.94927,CGI03312,26.52331,80.75797,9139516346,908277181298266,404455702793714,,HOME,MSC3686,TG835,TG850
PAN100161,9812345678,MO,VOICE,9547605561,9030271345,VI,2026-07-01 11:07:54,2843,CGI01892,26.56808,80.75362,CGI01892,26.56808,80.75362,9129508245,492929831687397,404457406335693,,HOME,MSC3440,TG687,TG105
PAN100051,9812345678,SMS-MT,SMS,9971299001,9396385773,BSNL,2026-07-01 11:45:05,0,CGI01037,26.92794,80.77018,CGI01892,26.56808,80.75362,9128720823,384842199330833,404450165712082,,HOME,MSC8793,TG588,TG766
PAN100039,9123456780,SMS-MT,SMS,9265192771,4964386641,VI,2026-07-01 12:23:15,0,CGI04960,26.6099,80.9001,CGI01037,26.92794,80.77018,9113298711,522047277901043,404452898614341,,HOME,MSC7878,TG754,TG912
PAN100079,9876500001,SMS-MO,SMS,9547605561,9647920261,BSNL,2026-07-01 13:08:15,0,CGI03871,26.52643,80.94927,CGI03871,26.52643,80.94927,9194049798,557431329121277,404455618537474,,ROAM,MSC2481,TG261,TG926
PAN100162,9123456780,SMS-MO,SMS,9594033331,5943220876,AIRTEL,2026-07-01 13:25:30,0,CGI03829,26.67931,80.92225,CGI02366,27.0646,81.22073,9111152355,806325431074279,404459077262570,,ROAM,MSC2158,TG494,TG807
PAN100160,9387416172,SMS-MO,SMS,9773314235,6490057858,BSNL,2026-07-01 14:07:04,0,CGI01583,26.51681,81.13911,CGI03871,26.52643,80.94927,9126675960,531531363631797,404450623972652,,HOME,MSC4181,TG747,TG467
PAN100158,9876500001,MT,VOICE,9999210533,7253652858,AIRTEL,2026-07-01 15:21:04,881,CGI03957,26.66549,80.98712,CGI03957,26.66549,80.98712,9193455238,582739021962071,404450021946723,,HOME,MSC8379,TG521,TG344
PAN100026,9387416172,SMS-MT,SMS,9525001304,7200490039,VI,2026-07-01 15:43:49,0,CGI00115,26.7565,80.8092,CGI03829,26.67931,80.92225,9130885967,953394210470952,404451456232858,,HOME,MSC5465,TG950,TG268
PAN100150,9123456780,MO,VOICE,9558888544,5576124271,JIO,2026-07-01 15:54:46,1747,CGI01583,26.51681,81.13911,CGI03779,26.5353,80.60778,9176255745,751971284781891,404453718949058,,HOME,MSC9399,TG580,TG687
PAN100040,9123456780,MT,VOICE,9558888544,5843567009,VI,2026-07-01 16:36:15,2055,CGI02366,27.0646,81.22073,CGI02366,27.0646,81.22073,9132287985,962185188888067,404450654051531,,ROAM,MSC6447,TG236,TG145
PAN100032,9812345678,SMS-MT,SMS,9255601111,4774881143,VI,2026-07-01 16:42:53,0,CGI02366,27.0646,81.22073,CGI02366,27.0646,81.22073,9145610493,502296120183667,404455254599102,,HOME,MSC1815,TG790,TG183
PAN100135,9812345678,MO,VOICE,9525001304,8076423980,AIRTEL,2026-07-01 16:56:24,2061,CGI00308,26.69558,80.66654,CGI03307,27.24171,80.50877,9120361927,562168936392649,404455782329832,,ROAM,MSC9582,TG238,TG540
PAN100050,9123456780,MT,VOICE,9255601111,6844242456,BSNL,2026-07-01 17:33:13,1939,CGI04991,27.27628,80.77472,CGI04991,27.27628,80.77472,9142111160,278585497334843,404454437575844,,ROAM,MSC7220,TG504,TG938
PAN100133,9123456780,MO,VOICE,9497049127,6676546979,BSNL,2026-07-01 18:10:22,1321,CGI02175,27.16339,80.6399,CGI03599,26.95021,80.77524,9106023362,335211039240514,404457705383388,,HOME,MSC3315,TG811,TG815
PAN100060,9387416172,SMS-MO,SMS,9841300022,7037270171,JIO,2026-07-01 18:26:08,0,CGI00308,26.69558,80.66654,CGI00115,26.7565,80.8092,9129356057,875099770088600,404458484086211,,HOME,MSC4948,TG296,TG734
PAN100144,9812345678,MO,VOICE,9497049127,7431787433,AIRTEL,2026-07-01 18:58:05,467,CGI01892,26.56808,80.75362,CGI01892,26.56808,80.75362,9125529779,578452182307681,404450409157018,,ROAM,MSC1368,TG691,TG876
PAN100045,9876500001,SMS-MO,SMS,9947003778,9680784645,AIRTEL,2026-07-01 19:33:09,0,CGI03871,26.52643,80.94927,CGI03871,26.52643,80.94927,9146442431,841438424981829,404459229959001,,HOME,MSC5336,TG766,TG315
PAN100052,9876500001,SMS-MO,SMS,9971299001,8455162035,AIRTEL,2026-07-01 20:05:41,0,CGI00512,27.1733,80.80027,CGI00512,27.1733,80.80027,9156087572,206724004991547,404458872874315,,HOME,MSC8518,TG763,TG363
PAN100082,9123456780,MT,VOICE,9914019912,7356238229,VI,2026-07-01 23:50:45,2161,CGI01037,26.92794,80.77018,CGI01037,26.92794,80.77018,9175920407,856420593040785,404459321334803,,ROAM,MSC7363,TG463,TG959
PAN100063,9123456780,MT,VOICE,9914019912,7176795294,VI,2026-07-02 07:09:24,3276,CGI02366,27.0646,81.22073,CGI03599,26.95021,80.77524,9148412365,110475412126788,404458610158199,,ROAM,MSC1202,TG398,TG523
PAN100006,9123456780,MO,VOICE,9560964462,8527630758,JIO,2026-07-02 07:27:22,1675,CGI04469,27.08106,80.67999,CGI04469,27.08106,80.67999,9108135295,651333872624731,404457810801326,,HOME,MSC7570,TG160,TG268
PAN100020,9876500001,MO,VOICE,9895986331,5250949136,AIRTEL,2026-07-02 09:26:28,990,CGI02366,27.0646,81.22073,CGI02366,27.0646,81.22073,9138668783,471349361832421,404450249947174,,ROAM,MSC9199,TG652,TG605
PAN100035,9876500001,MO,VOICE,9999210533,6488796494,VI,2026-07-02 09:49:40,634,CGI02795,26.94363,80.60677,CGI02795,26.94363,80.60677,9184183695,527177449058147,404457005411998,,HOME,MSC1672,TG560,TG929
PAN100108,9123456780,SMS-MO,SMS,9777191992,5420993922,AIRTEL,2026-07-02 10:12:46,0,CGI00512,27.1733,80.80027,CGI00512,27.1733,80.80027,9190099765,314913577594929,404459556205336,,HOME,MSC6889,TG237,TG795
PAN100132,9876500001,MT,VOICE,9820072695,5443831341,BSNL,2026-07-02 10:18:50,1617,CGI04960,26.6099,80.9001,CGI04960,26.6099,80.9001,9176697457,86416862278376,404459389833146,,ROAM,MSC2467,TG215,TG787
PAN100077,9876500001,MO,VOICE,9547605561,5050340486,BSNL,2026-07-02 10:32:00,429,CGI02735,27.06135,80.63102,CGI00426,26.62773,80.76977,9148852098,622086353654195,404451802380617,,ROAM,MSC6090,TG435,TG188
PAN100141,9123456780,SMS-MT,SMS,9841300022,6263674265,AIRTEL,2026-07-02 11:08:07,0,CGI02366,27.0646,81.22073,CGI03732,26.9008,81.22437,9193392654,390198179469548,404459952997877,,ROAM,MSC4812,TG825,TG397
PAN100147,9876500001,MO,VOICE,9773314235,5979871930,BSNL,2026-07-02 11:41:04,2933,CGI03829,26.67931,80.92225,CGI03829,26.67931,80.92225,9132021033,938276153966958,404453219719975,,ROAM,MSC3886,TG415,TG515
PAN100061,9812345678,SMS-MO,SMS,9312850944,6994607170,VI,2026-07-02 12:25:29,0,CGI00512,27.1733,80.80027,CGI00512,27.1733,80.80027,9191810512,101666870021765,404459180339740,,ROAM,MSC5593,TG656,TG677
PAN100014,9876500001,MT,VOICE,9560964462,9183314236,BSNL,2026-07-02 13:21:34,2901,CGI01892,26.56808,80.75362,CGI01892,26.56808,80.75362,9152274692,909670546688937,404453467065627,,ROAM,MSC9751,TG127,TG503
PAN100114,9876500001,MT,VOICE,9547605561,5755976246,JIO,2026-07-02 14:24:41,37,CGI03779,26.5353,80.60778,CGI03205,27.20713,81.07849,9120774029,694486959463688,404457258874495,,HOME,MSC3262,TG975,TG984
PAN100139,9387416172,MT,VOICE,9497049127,8079161918,BSNL,2026-07-02 14:24:46,2605,CGI03829,26.67931,80.92225,CGI03307,27.24171,80.50877,9173866174,602592222064474,404452123094077,,HOME,MSC1094,TG722,TG605
PAN100073,9812345678,SMS-MT,SMS,9265192771,6549834042,BSNL,2026-07-02 17:00:13,0,CGI02795,26.94363,80.60677,CGI02795,26.94363,80.60677,9101246473,51627136111554,404452622189092,,HOME,MSC4490,TG743,TG866
PAN100119,9812345678,MT,VOICE,9820072695,6895250612,BSNL,2026-07-02 17:29:20,723,CGI02366,27.0646,81.22073,CGI02366,27.0646,81.22073,9177981603,155942843479552,404457636556472,,ROAM,MSC4744,TG933,TG202
PAN100001,9387416172,MO,VOICE,9954413445,4136505587,JIO,2026-07-02 17:57:34,922,CGI00302,27.11504,80.77477,CGI00302,27.11504,80.77477,9129345092,389083863794026,404455423511615,,HOME,MSC1711,TG847,TG570
PAN100142,9876500001,MO,VOICE,9773314235,4195387472,VI,2026-07-02 18:13:51,2569,CGI02175,27.16339,80.6399,CGI03599,26.95021,80.77524,9175217695,303441448850155,404456990235577,,ROAM,MSC8888,TG259,TG742
PAN100101,9387416172,SMS-MT,SMS,9547605561,6165512104,BSNL,2026-07-02 18:28:29,0,CGI03732,26.9008,81.22437,CGI03732,26.9008,81.22437,9100582186,808697829221699,404455866934654,,HOME,MSC3185,TG241,TG522
PAN100174,9387416172,MO,VOICE,9547605561,4855069520,AIRTEL,2026-07-02 18:57:10,2854,CGI00302,27.11504,80.77477,CGI00302,27.11504,80.77477,9179854290,613674994657967,404458427114773,,HOME,MSC2631,TG855,TG154
PAN100129,9387416172,SMS-MO,SMS,9413319482,7114589739,BSNL,2026-07-02 19:04:13,0,CGI00049,27.21862,81.13242,CGI00049,27.21862,81.13242,9125428946,383928861957612,404452868528975,,ROAM,MSC6319,TG965,TG480
PAN100029,9812345678,MO,VOICE,9560964462,7735313433,VI,2026-07-02 19:35:13,2320,CGI00512,27.1733,80.80027,CGI00512,27.1733,80.80027,9119804386,904228421020539,404455024026811,,ROAM,MSC9408,TG707,TG211
PAN100085,9387416172,MT,VOICE,9487716368,4048943839,AIRTEL,2026-07-02 19:42:40,695,CGI00115,26.7565,80.8092,CGI01590,26.7422,81.19254,9133492807,154100676267658,404456179327104,9525001304,ROAM,MSC2215,TG450,TG274
PAN100081,9876500001,SMS-MO,SMS,9954413445,8047064636,JIO,2026-07-02 20:53:51,0,CGI02386,27.12091,80.81141,CGI02386,27.12091,80.81141,9122547129,966706625324472,404450999347687,,HOME,MSC5583,TG492,TG240
PAN100172,9812345678,SMS-MT,SMS,9773314235,5509825605,JIO,2026-07-02 21:13:37,0,CGI03779,26.5353,80.60778,CGI03779,26.5353,80.60778,9119536326,495528938911908,404453342801387,,HOME,MSC4033,TG550,TG789
PAN100155,9387416172,MT,VOICE,9558888544,8597385942,VI,2026-07-02 21:45:16,902,CGI03957,26.66549,80.98712,CGI03957,26.66549,80.98712,9159845276,72006425690877,404456618306719,,ROAM,MSC6463,TG798,TG410
PAN100015,9387416172,MO,VOICE,9820072695,9744521119,BSNL,2026-07-03 06:24:20,3558,CGI03779,26.5353,80.60778,CGI03779,26.5353,80.60778,9137346970,641708053100330,404459232719374,,HOME,MSC2876,TG896,TG938
PAN100115,9387416172,SMS-MO,SMS,9711832331,7035639663,AIRTEL,2026-07-03 07:32:25,0,CGI03829,26.67931,80.92225,CGI03829,26.67931,80.92225,9152224611,12796114351906,404456984902770,,HOME,MSC9489,TG392,TG299
PAN100088,9387416172,MT,VOICE,9947003778,8175416378,AIRTEL,2026-07-03 08:48:28,150,CGI03205,27.20713,81.07849,CGI03957,26.66549,80.98712,9116936398,61632945116868,404455487099861,,HOME,MSC2641,TG208,TG676
PAN100137,9812345678,MO,VOICE,9954413445,8081069523,AIRTEL,2026-07-03 09:02:26,1948,CGI01590,26.7422,81.19254,CGI00115,26.7565,80.8092,9199638766,331279757366096,404455699988081,,ROAM,MSC1694,TG998,TG351
PAN100025,9876500001,MO,VOICE,9773314235,6934040683,BSNL,2026-07-03 09:05:39,2800,CGI03307,27.24171,80.50877,CGI03307,27.24171,80.50877,9178270025,237474074821759,404454647436713,,HOME,MSC5847,TG816,TG402
PAN100094,9876500001,SMS-MO,SMS,9487716368,9019123510,AIRTEL,2026-07-03 11:03:00,0,CGI01892,26.56808,80.75362,CGI01892,26.56808,80.75362,9165709924,129666676008350,404455830033542,,HOME,MSC9246,TG702,TG413
PAN100065,9123456780,SMS-MT,SMS,9558888544,9057913553,BSNL,2026-07-03 11:38:44,0,CGI03779,26.5353,80.60778,CGI03779,26.5353,80.60778,9142833932,479356465193982,404458073741672,,ROAM,MSC4965,TG358,TG774
PAN100154,9387416172,SMS-MO,SMS,9255601111,8153944226,JIO,2026-07-03 12:48:57,0,CGI03599,26.95021,80.77524,CGI03599,26.95021,80.77524,9193369050,244717465421406,404456504427173,,HOME,MSC3923,TG760,TG603
PAN100054,9812345678,MO,VOICE,9594033331,7545940090,AIRTEL,2026-07-03 13:38:23,555,CGI04469,27.08106,80.67999,CGI01892,26.56808,80.75362,9191313946,918785191088398,404452258713971,,HOME,MSC1911,TG564,TG235
PAN100043,9812345678,MT,VOICE,9558888544,8886363266,VI,2026-07-03 17:23:23,140,CGI01892,26.56808,80.75362,CGI00049,27.21862,81.13242,9153423225,543102786814473,404459473121727,,ROAM,MSC6236,TG783,TG455
PAN100044,9387416172,MO,VOICE,9255601111,9847564390,AIRTEL,2026-07-03 17:59:44,1236,CGI03599,26.95021,80.77524,CGI03599,26.95021,80.77524,9116288992,323705895782911,404454678669125,,HOME,MSC9476,TG452,TG231
PAN100110,9812345678,MT,VOICE,9773314235,8156392601,BSNL,2026-07-03 18:08:28,3481,CGI03205,27.20713,81.07849,CGI03205,27.20713,81.07849,9148156722,37314530385677,404450051844989,,ROAM,MSC6985,TG701,TG769
PAN100062,9387416172,MT,VOICE,9560964462,8992685794,AIRTEL,2026-07-03 18:45:52,72,CGI04960,26.6099,80.9001,CGI01037,26.92794,80.77018,9176060638,685621850163159,404459965047735,,HOME,MSC4043,TG796,TG699
PAN100179,9387416172,MO,VOICE,9914019912,9663572269,JIO,2026-07-03 18:48:19,613,CGI03307,27.24171,80.50877,CGI03307,27.24171,80.50877,9185084307,364424936312303,404454778660324,,HOME,MSC5551,TG774,TG663
PAN100047,9123456780,SMS-MO,SMS,9255601111,7277581356,BSNL,2026-07-03 19:59:36,0,CGI00115,26.7565,80.8092,CGI00115,26.7565,80.8092,9169085198,774701687339500,404454797480162,,ROAM,MSC6992,TG882,TG512
PAN100023,9123456780,MT,VOICE,9560964462,6180716723,JIO,2026-07-03 20:17:49,1579,CGI03829,26.67931,80.92225,CGI01590,26.7422,81.19254,9137962005,499727875588675,404453396360576,,ROAM,MSC3492,TG607,TG137
PAN100093,9123456780,MO,VOICE,9942645882,5525930586,VI,2026-07-03 21:57:21,3318,CGI03599,26.95021,80.77524,CGI03599,26.95021,80.77524,9156434872,554947170999173,404458168460223,,ROAM,MSC8496,TG246,TG423
PAN100121,9123456780,MT,VOICE,9560964462,4336757755,VI,2026-07-03 22:18:22,2488,CGI02386,27.12091,80.81141,CGI01037,26.92794,80.77018,9162243750,225699611253554,404454964759876,,ROAM,MSC3048,TG845,TG340
PAN100169,9812345678,MO,VOICE,9487716368,9848712560,BSNL,2026-07-04 04:48:17,2825,CGI02795,26.94363,80.60677,CGI04960,26.6099,80.9001,9175910136,647158904290257,404452520456504,,ROAM,MSC2258,TG626,TG298
PAN100058,9387416172,SMS-MT,SMS,9502139564,7752171298,AIRTEL,2026-07-04 06:24:43,0,CGI02175,27.16339,80.6399,CGI02175,27.16339,80.6399,9178864147,837354033173936,404453854678544,,HOME,MSC9147,TG577,TG200
PAN100074,9876500001,SMS-MT,SMS,9820072695,7135365431,VI,2026-07-04 07:06:08,0,CGI01590,26.7422,81.19254,CGI01590,26.7422,81.19254,9157631581,523413899940438,404459836403761,,HOME,MSC2163,TG640,TG112
PAN100076,9123456780,SMS-MT,SMS,9413319482,4236346130,AIRTEL,2026-07-04 07:27:07,0,CGI01892,26.56808,80.75362,CGI01892,26.56808,80.75362,9116031369,20275884252410,404455648149177,,HOME,MSC1908,TG611,TG979
PAN100122,9812345678,SMS-MT,SMS,9502139564,6355504998,JIO,2026-07-04 09:06:06,0,CGI00302,27.11504,80.77477,CGI03957,26.66549,80.98712,9153286118,811492164334722,404458200557784,,HOME,MSC3213,TG814,TG652
PAN100102,9812345678,SMS-MT,SMS,9599837854,8864788029,AIRTEL,2026-07-04 09:39:45,0,CGI03871,26.52643,80.94927,CGI04960,26.6099,80.9001,9167631432,851587996846081,404450620034244,,HOME,MSC2016,TG807,TG903
PAN100053,9876500001,MO,VOICE,9547605561,5408434291,BSNL,2026-07-04 09:54:40,1216,CGI04960,26.6099,80.9001,CGI01892,26.56808,80.75362,9189826000,122753046374549,404459045301742,,HOME,MSC6095,TG806,TG220
PAN100118,9812345678,MT,VOICE,9594033331,9165843017,AIRTEL,2026-07-04 10:15:55,786,CGI03312,26.52331,80.75797,CGI03312,26.52331,80.75797,9183026670,521117908075957,404459472846392,9773314235,HOME,MSC9859,TG133,TG614
PAN100145,9812345678,SMS-MO,SMS,9560964462,4505306513,AIRTEL,2026-07-04 11:34:20,0,CGI01590,26.7422,81.19254,CGI01590,26.7422,81.19254,9121138757,410988138585424,404459321495870,,HOME,MSC8712,TG791,TG151
PAN100168,9876500001,SMS-MT,SMS,9954413445,7247485135,JIO,2026-07-04 11:55:33,0,CGI02386,27.12091,80.81141,CGI02386,27.12091,80.81141,9100888369,646287923264870,404454947873002,,HOME,MSC8742,TG227,TG769
PAN100057,9812345678,MT,VOICE,9947003778,7915196257,BSNL,2026-07-04 13:17:03,2712,CGI04991,27.27628,80.77472,CGI03599,26.95021,80.77524,9174605013,705685662462873,404453427086688,,HOME,MSC4331,TG438,TG762
PAN100097,9387416172,SMS-MO,SMS,9525001304,7492574713,JIO,2026-07-04 13:18:16,0,CGI01892,26.56808,80.75362,CGI01892,26.56808,80.75362,9138999266,556110022557941,404455521667467,,ROAM,MSC3732,TG215,TG235
PAN100068,9876500001,SMS-MO,SMS,9356209981,9490449224,JIO,2026-07-04 13:27:24,0,CGI00426,26.62773,80.76977,CGI00426,26.62773,80.76977,9177490324,182553714785969,404456915579249,,HOME,MSC3194,TG420,TG220
PAN100012,9812345678,MT,VOICE,9971299001,5897456484,AIRTEL,2026-07-04 13:37:38,1252,CGI03599,26.95021,80.77524,CGI03599,26.95021,80.77524,9168608612,721489513433200,404453791769367,,HOME,MSC1090,TG868,TG981
PAN100173,9387416172,MO,VOICE,9265192771,6001032544,AIRTEL,2026-07-04 14:26:07,1562,CGI01590,26.7422,81.19254,CGI03732,26.9008,81.22437,9166547299,548015716479473,404458646317520,,HOME,MSC2723,TG505,TG548
PAN100064,9123456780,SMS-MT,SMS,9942645882,5154998170,VI,2026-07-04 15:10:43,0,CGI04960,26.6099,80.9001,CGI04960,26.6099,80.9001,9166185975,212646471543799,404453712406596,,ROAM,MSC6399,TG550,TG442
PAN100116,9387416172,SMS-MT,SMS,9711832331,8296201113,AIRTEL,2026-07-04 16:43:02,0,CGI01037,26.92794,80.77018,CGI01037,26.92794,80.77018,9111655844,465669380118489,404455543937690,,HOME,MSC7670,TG618,TG209
PAN100009,9387416172,SMS-MO,SMS,9971299001,6098228320,JIO,2026-07-04 18:13:43,0,CGI03599,26.95021,80.77524,CGI02366,27.0646,81.22073,9112388090,640052427868011,404452805982620,,HOME,MSC1653,TG466,TG315
PAN100167,9812345678,MT,VOICE,9947003778,8670248373,BSNL,2026-07-04 18:49:17,2397,CGI03779,26.5353,80.60778,CGI03779,26.5353,80.60778,9126098642,759980562656504,404455547813767,,ROAM,MSC7944,TG846,TG524
PAN100017,9123456780,MT,VOICE,9599837854,5627746667,JIO,2026-07-04 19:05:17,1107,CGI01892,26.56808,80.75362,CGI01892,26.56808,80.75362,9166344695,527354549480831,404453678377701,,HOME,MSC4986,TG413,TG779
PAN100163,9812345678,MO,VOICE,9525001304,9858294672,JIO,2026-07-04 19:05:39,3091,CGI02386,27.12091,80.81141,CGI01583,26.51681,81.13911,9114893677,657905528183253,404458179335548,,HOME,MSC2038,TG481,TG453
PAN100080,9812345678,SMS-MT,SMS,9413319482,9996824298,JIO,2026-07-04 19:20:09,0,CGI00302,27.11504,80.77477,CGI02735,27.06135,80.63102,9190890014,442067883171210,404450323651994,,ROAM,MSC2228,TG122,TG166
PAN100157,9387416172,MT,VOICE,9631265478,8934718253,AIRTEL,2026-07-04 19:42:33,1668,CGI01892,26.56808,80.75362,CGI00049,27.21862,81.13242,9109668169,27079032020417,404459291117993,9560964462,HOME,MSC7586,TG432,TG223
PAN100091,9387416172,MO,VOICE,9255601111,6798546298,JIO,2026-07-04 20:41:14,675,CGI03732,26.9008,81.22437,CGI03732,26.9008,81.22437,9191563298,72290349446657,404454374896910,,ROAM,MSC7131,TG674,TG762
PAN100003,9387416172,SMS-MO,SMS,9502139564,6815087637,BSNL,2026-07-04 21:36:56,0,CGI02366,27.0646,81.22073,CGI02366,27.0646,81.22073,9186282117,724238849696532,404458710122691,,HOME,MSC8668,TG641,TG357
PAN100126,9123456780,SMS-MO,SMS,9413319482,9013774538,VI,2026-07-04 22:15:40,0,CGI04469,27.08106,80.67999,CGI04469,27.08106,80.67999,9178476684,163009792513271,404459500528127,,HOME,MSC6690,TG924,TG549
PAN100105,9387416172,MO,VOICE,9487716368,4486937758,VI,2026-07-04 22:43:56,992,CGI02386,27.12091,80.81141,CGI02386,27.12091,80.81141,9172509424,408588770435811,404452880133613,,ROAM,MSC8130,TG762,TG936
PAN100072,9812345678,SMS-MT,SMS,9312850944,7557708750,VI,2026-07-04 22:52:13,0,CGI02795,26.94363,80.60677,CGI02795,26.94363,80.60677,9173458776,929750017012770,404456324241541,,HOME,MSC3711,TG153,TG505
PAN100104,9387416172,MT,VOICE,9895986331,7988427908,JIO,2026-07-05 00:29:45,540,CGI02146,26.6361,80.76953,CGI02146,26.6361,80.76953,9183935292,947985158328182,404456886153355,,HOME,MSC9691,TG586,TG674
PAN100011,9387416172,SMS-MO,SMS,9547605561,4496694873,AIRTEL,2026-07-05 05:38:27,0,CGI01037,26.92794,80.77018,CGI02386,27.12091,80.81141,9134188276,60883561595148,404454656482366,,ROAM,MSC3851,TG730,TG682
PAN100131,9812345678,SMS-MO,SMS,9525001304,9689509039,BSNL,2026-07-05 07:25:36,0,CGI03779,26.5353,80.60778,CGI03871,26.52643,80.94927,9123206579,791940961055661,404453906048058,,HOME,MSC6354,TG614,TG814
PAN100134,9387416172,MT,VOICE,9413319482,4227999411,JIO,2026-07-05 09:18:12,2165,CGI03829,26.67931,80.92225,CGI01590,26.7422,81.19254,9108938604,645104636815798,404451238780038,,HOME,MSC3572,TG118,TG455
PAN100151,9812345678,MT,VOICE,9971299001,5118594780,BSNL,2026-07-05 09:44:59,3277,CGI02175,27.16339,80.6399,CGI02366,27.0646,81.22073,9177596783,290490471281442,404459444019292,,HOME,MSC3873,TG367,TG901
PAN100128,9876500001,MO,VOICE,9954413445,6829915449,JIO,2026-07-05 11:41:20,2266,CGI03957,26.66549,80.98712,CGI03957,26.66549,80.98712,9117418007,203173109678994,404450539103717,,HOME,MSC7814,TG941,TG477
PAN100030,9123456780,MT,VOICE,9720983465,6946766309,BSNL,2026-07-05 13:01:03,185,CGI02795,26.94363,80.60677,CGI00049,27.21862,81.13242,9195616885,711592124998569,404458478961183,,ROAM,MSC7779,TG447,TG947
PAN100164,9123456780,MT,VOICE,9594033331,9103939767,BSNL,2026-07-05 13:23:51,510,CGI03732,26.9008,81.22437,CGI00512,27.1733,80.80027,9111718382,162411241272380,404454682756704,,HOME,MSC4806,TG954,TG632
PAN100109,9812345678,SMS-MO,SMS,9497049127,7615473387,AIRTEL,2026-07-05 14:06:11,0,CGI03599,26.95021,80.77524,CGI03599,26.95021,80.77524,9172292089,341108099693084,404458872563942,,HOME,MSC9362,TG192,TG506
PAN100005,9876500001,MO,VOICE,9895986331,6962958940,VI,2026-07-05 14:38:27,2259,CGI03779,26.5353,80.60778,CGI03871,26.52643,80.94927,9153551839,578713315098393,404450103105183,,HOME,MSC9834,TG235,TG840
PAN100016,9876500001,SMS-MO,SMS,9356209981,8621369670,AIRTEL,2026-07-05 15:58:24,0,CGI04960,26.6099,80.9001,CGI02386,27.12091,80.81141,9113676961,491905865185067,404451657262849,,ROAM,MSC9817,TG893,TG595
PAN100046,9123456780,SMS-MO,SMS,9487716368,5744154114,BSNL,2026-07-05 16:19:30,0,CGI01583,26.51681,81.13911,CGI02386,27.12091,80.81141,9109794273,27677359255562,404455881537147,,HOME,MSC2586,TG151,TG397
PAN100092,9812345678,MO,VOICE,9599837854,5283298067,AIRTEL,2026-07-05 16:55:17,269,CGI03312,26.52331,80.75797,CGI01037,26.92794,80.77018,9169429969,309652074466609,404459353875842,,ROAM,MSC3967,TG400,TG199
PAN100078,9123456780,MO,VOICE,9773314235,9134300222,AIRTEL,2026-07-05 18:15:29,2317,CGI01037,26.92794,80.77018,CGI01037,26.92794,80.77018,9120208677,60385050641383,404456702410386,,HOME,MSC2391,TG694,TG197
PAN100004,9387416172,SMS-MO,SMS,9942645882,5948728483,VI,2026-07-05 18:21:07,0,CGI03871,26.52643,80.94927,CGI03871,26.52643,80.94927,9167187530,281489325288095,404457015430391,,HOME,MSC8962,TG935,TG170
PAN100027,9812345678,SMS-MT,SMS,9773314235,4323408297,AIRTEL,2026-07-05 18:21:51,0,CGI03957,26.66549,80.98712,CGI03957,26.66549,80.98712,9190774633,685160481754965,404451370985931,,ROAM,MSC8606,TG817,TG409
PAN100055,9123456780,MO,VOICE,9777191992,9230846290,JIO,2026-07-05 18:25:16,1901,CGI00308,26.69558,80.66654,CGI00308,26.69558,80.66654,9106078694,651801704622656,404457661825128,,HOME,MSC4648,TG954,TG103
PAN100038,9387416172,MT,VOICE,9820072695,9624121768,BSNL,2026-07-05 18:50:28,980,CGI01583,26.51681,81.13911,CGI01583,26.51681,81.13911,9126040410,597746886239240,404457581814124,,HOME,MSC8167,TG193,TG327
PAN100002,9387416172,SMS-MO,SMS,9942645882,9120840492,JIO,2026-07-05 19:39:56,0,CGI03307,27.24171,80.50877,CGI03307,27.24171,80.50877,9106150444,341316475255341,404459283276483,,ROAM,MSC1916,TG334,TG941
PAN100127,9876500001,MO,VOICE,9954413445,6104929112,AIRTEL,2026-07-05 20:31:45,2975,CGI01892,26.56808,80.75362,CGI01892,26.56808,80.75362,9172963514,557498218274485,404457086209593,,HOME,MSC9830,TG938,TG496
PAN100117,9387416172,MO,VOICE,9773314235,9914514768,BSNL,2026-07-05 20:52:50,487,CGI00512,27.1733,80.80027,CGI00512,27.1733,80.80027,9132651583,577907141633565,404458804341651,,HOME,MSC6142,TG462,TG323
PAN100071,9876500001,MT,VOICE,9547605561,7374517348,JIO,2026-07-05 21:32:57,1193,CGI03732,26.9008,81.22437,CGI02175,27.16339,80.6399,9137221734,223253672946671,404451684577590,,ROAM,MSC2526,TG848,TG569
PAN100112,9387416172,SMS-MO,SMS,9895986331,8374939731,VI,2026-07-05 21:33:25,0,CGI02175,27.16339,80.6399,CGI02366,27.0646,81.22073,9111508969,379772369292984,404452579913662,,HOME,MSC4315,TG635,TG980
PAN100107,9876500001,MO,VOICE,9255601111,6782883717,JIO,2026-07-05 22:09:19,3274,CGI03732,26.9008,81.22437,CGI01590,26.7422,81.19254,9174292758,821009968814353,404456822239431,,ROAM,MSC1891,TG971,TG869
PAN100106,9387416172,SMS-MO,SMS,9820072695,8597513760,AIRTEL,2026-07-06 05:04:03,0,CGI03205,27.20713,81.07849,CGI01583,26.51681,81.13911,9134715141,667665061809190,404451581449147,,HOME,MSC1504,TG585,TG260
PAN100136,9876500001,SMS-MT,SMS,9895986331,8919983102,JIO,2026-07-06 06:34:46,0,CGI03957,26.66549,80.98712,CGI03957,26.66549,80.98712,9142773504,664742312209949,404459939330517,,HOME,MSC8680,TG829,TG765
PAN100171,9876500001,SMS-MO,SMS,9971299001,8166596973,AIRTEL,2026-07-06 08:28:56,0,CGI02175,27.16339,80.6399,CGI02175,27.16339,80.6399,9195280478,401322342321611,404450760310890,,HOME,MSC5145,TG144,TG167
PAN100019,9387416172,SMS-MO,SMS,9820072695,7530959836,BSNL,2026-07-06 09:03:16,0,CGI03307,27.24171,80.50877,CGI03307,27.24171,80.50877,9166001106,190229413186999,404453867749649,,ROAM,MSC2625,TG881,TG312
PAN100175,9387416172,MO,VOICE,9312850944,7296697093,BSNL,2026-07-06 09:39:39,741,CGI03957,26.66549,80.98712,CGI03779,26.5353,80.60778,9127102821,477848588006167,404455677002842,,HOME,MSC7374,TG599,TG882
PAN100008,9812345678,SMS-MO,SMS,9711832331,9652937994,JIO,2026-07-06 10:25:08,0,CGI03732,26.9008,81.22437,CGI02366,27.0646,81.22073,9101250299,799118384251354,404452784980841,,ROAM,MSC3200,TG370,TG218
PAN100059,9123456780,SMS-MO,SMS,9560964462,4626733282,VI,2026-07-06 11:02:36,0,CGI03307,27.24171,80.50877,CGI03307,27.24171,80.50877,9174264220,996423536937854,404457772522872,,ROAM,MSC9882,TG757,TG160
PAN100178,9387416172,SMS-MT,SMS,9547605561,4900822844,JIO,2026-07-06 11:36:51,0,CGI00049,27.21862,81.13242,CGI00049,27.21862,81.13242,9187447790,484685366498782,404450829737489,,ROAM,MSC8106,TG679,TG844
PAN100018,9812345678,MT,VOICE,9720983465,8813180356,AIRTEL,2026-07-06 12:29:17,1750,CGI03871,26.52643,80.94927,CGI03871,26.52643,80.94927,9142352128,182337498941343,404455240824008,,ROAM,MSC9042,TG205,TG993
PAN100166,9387416172,SMS-MT,SMS,9954413445,4107052949,BSNL,2026-07-06 13:10:34,0,CGI03871,26.52643,80.94927,CGI03871,26.52643,80.94927,9119513094,752088547492975,404451702814069,,ROAM,MSC8306,TG465,TG194
PAN100095,9876500001,MO,VOICE,9820072695,9837938081,AIRTEL,2026-07-06 13:43:08,1199,CGI02386,27.12091,80.81141,CGI01037,26.92794,80.77018,9122130289,603323098215064,404458909010016,,HOME,MSC5140,TG585,TG818
PAN100156,9123456780,MT,VOICE,9502139564,7292127183,AIRTEL,2026-07-06 14:21:05,2658,CGI00308,26.69558,80.66654,CGI00308,26.69558,80.66654,9123705307,806346157173203,404450937618478,,ROAM,MSC1268,TG137,TG447
PAN100165,9812345678,MO,VOICE,9773314235,5967125474,AIRTEL,2026-07-06 14:42:44,2654,CGI00049,27.21862,81.13242,CGI04991,27.27628,80.77472,9141137063,243754025472928,404454222231059,,HOME,MSC4022,TG310,TG675
PAN100048,9812345678,MO,VOICE,9560964462,6361618235,JIO,2026-07-06 15:04:24,2309,CGI00049,27.21862,81.13242,CGI00049,27.21862,81.13242,9117268907,165585239868000,404452578729825,,HOME,MSC7438,TG731,TG857
PAN100034,9387416172,MO,VOICE,9255601111,4494665880,JIO,2026-07-06 15:36:25,326,CGI02366,27.0646,81.22073,CGI03732,26.9008,81.22437,9143589647,297516136968164,404455352181883,,HOME,MSC3419,TG341,TG205
PAN100021,9123456780,MO,VOICE,9720983465,8384068351,VI,2026-07-06 16:01:05,1777,CGI01583,26.51681,81.13911,CGI03871,26.52643,80.94927,9177342561,27874296717565,404455125674680,,HOME,MSC6296,TG218,TG891
PAN100130,9123456780,SMS-MO,SMS,9720983465,7197939663,VI,2026-07-06 16:36:34,0,CGI03779,26.5353,80.60778,CGI03779,26.5353,80.60778,9160720566,760049082404335,404450488899210,,HOME,MSC3557,TG241,TG371
PAN100031,9123456780,MT,VOICE,9265192771,8686774764,JIO,2026-07-06 17:23:09,1288,CGI03732,26.9008,81.22437,CGI00512,27.1733,80.80027,9112513132,615280988516560,404454945198327,,HOME,MSC7022,TG217,TG880
PAN100090,9876500001,SMS-MO,SMS,9594033331,5732526008,JIO,2026-07-06 19:32:50,0,CGI03205,27.20713,81.07849,CGI03205,27.20713,81.07849,9123318633,330307053457861,404450357972798,,HOME,MSC3679,TG957,TG364
PAN100100,9876500001,SMS-MO,SMS,9599837854,6822511659,BSNL,2026-07-06 19:52:14,0,CGI03307,27.24171,80.50877,CGI03307,27.24171,80.50877,9115303956,130554885102726,404451493316373,,ROAM,MSC2765,TG875,TG524
PAN100170,9876500001,SMS-MT,SMS,9895986331,6956426322,JIO,2026-07-06 20:52:54,0,CGI03732,26.9008,81.22437,CGI03599,26.95021,80.77524,9171728681,952028457652132,404458338988816,,HOME,MSC2251,TG219,TG938
PAN100083,9876500001,MT,VOICE,9720983465,8905291986,AIRTEL,2026-07-06 21:01:45,3310,CGI02366,27.0646,81.22073,CGI02366,27.0646,81.22073,9166065552,842701039308705,404459325250029,,HOME,MSC2817,TG966,TG638
PAN100152,9876500001,MT,VOICE,9413319482,8267417545,BSNL,2026-07-06 23:09:38,3538,CGI00308,26.69558,80.66654,CGI00308,26.69558,80.66654,9131936764,723950410276747,404458366742860,,ROAM,MSC7258,TG794,TG423
PAN100120,9812345678,SMS-MT,SMS,9255601111,4041842844,BSNL,2026-07-07 09:51:47,0,CGI02146,26.6361,80.76953,CGI02146,26.6361,80.76953,9167054885,288574489061203,404454717545588,,ROAM,MSC5222,TG452,TG120
PAN100124,9123456780,MT,VOICE,9312850944,6940507653,VI,2026-07-07 10:05:27,2653,CGI03599,26.95021,80.77524,CGI03599,26.95021,80.77524,9187034430,846312241797497,404453502080214,,ROAM,MSC1134,TG338,TG192
PAN100089,9387416172,SMS-MT,SMS,9497049127,4160913827,VI,2026-07-07 10:41:31,0,CGI00512,27.1733,80.80027,CGI00512,27.1733,80.80027,9154086249,299606530745054,404454471324754,,ROAM,MSC2462,TG292,TG552
PAN100148,9387416172,SMS-MT,SMS,9558888544,7509132563,JIO,2026-07-07 11:41:42,0,CGI02735,27.06135,80.63102,CGI02735,27.06135,80.63102,9119693143,278469973354946,404455190986240,,HOME,MSC9992,TG154,TG100
PAN100033,9812345678,MO,VOICE,9820072695,4476267947,BSNL,2026-07-07 11:48:32,2494,CGI03957,26.66549,80.98712,CGI03957,26.66549,80.98712,9170723898,403690034324451,404450762268388,,ROAM,MSC2180,TG506,TG982
PAN100075,9812345678,SMS-MO,SMS,9255601111,4313497572,JIO,2026-07-07 12:43:11,0,CGI01590,26.7422,81.19254,CGI01590,26.7422,81.19254,9101851322,430068486661889,404452414183285,,HOME,MSC2083,TG417,TG815
PAN100111,9387416172,MO,VOICE,9947003778,8323304129,AIRTEL,2026-07-07 12:55:22,920,CGI02795,26.94363,80.60677,CGI04991,27.27628,80.77472,9159042204,231843222591365,404451777392603,9547605561,HOME,MSC3207,TG744,TG624
PAN100069,9876500001,MO,VOICE,9954413445,9039005096,AIRTEL,2026-07-07 13:08:36,2848,CGI04960,26.6099,80.9001,CGI04960,26.6099,80.9001,9165718640,422579050723688,404457676772190,,HOME,MSC1535,TG381,TG330
PAN100123,9876500001,SMS-MO,SMS,9720983465,6317856944,JIO,2026-07-07 14:40:34,0,CGI03871,26.52643,80.94927,CGI02386,27.12091,80.81141,9159305486,456424008254780,404457740649308,,HOME,MSC7745,TG674,TG547
PAN100056,9387416172,SMS-MO,SMS,9720983465,4666241244,AIRTEL,2026-07-07 14:52:14,0,CGI01583,26.51681,81.13911,CGI01583,26.51681,81.13911,9197311066,106903311907903,404450673830284,,HOME,MSC6224,TG691,TG712
PAN100084,9812345678,SMS-MO,SMS,9777191992,8971441314,BSNL,2026-07-07 15:21:19,0,CGI02386,27.12091,80.81141,CGI02386,27.12091,80.81141,9185800828,752895392644220,404459690295939,,HOME,MSC9129,TG244,TG439
PAN100037,9123456780,MT,VOICE,9971299001,8696344732,BSNL,2026-07-07 16:21:52,355,CGI02146,26.6361,80.76953,CGI01583,26.51681,81.13911,9168248169,505423573322141,404458880592962,,ROAM,MSC3712,TG838,TG548
PAN100153,9387416172,MT,VOICE,9255601111,9442100705,JIO,2026-07-07 16:41:54,1457,CGI03312,26.52331,80.75797,CGI03312,26.52331,80.75797,9134271680,967393852580010,404456181753443,9558888544,HOME,MSC4552,TG713,TG753
PAN100042,9812345678,SMS-MT,SMS,9502139564,4440654676,VI,2026-07-07 16:52:11,0,CGI04991,27.27628,80.77472,CGI04991,27.27628,80.77472,9188707076,447962757059640,404451658202970,,HOME,MSC4866,TG897,TG760
PAN100149,9812345678,MO,VOICE,9914019912,5638809377,AIRTEL,2026-07-07 17:25:40,135,CGI02386,27.12091,80.81141,CGI01037,26.92794,80.77018,9188917575,272386562422010,404452762126796,,HOME,MSC7948,TG665,TG939
PAN100096,9876500001,MT,VOICE,9971299001,4589112843,JIO,2026-07-07 17:42:33,46,CGI03312,26.52331,80.75797,CGI01037,26.92794,80.77018,9168663747,914117393483564,404452087375300,,ROAM,MSC9095,TG252,TG192
PAN100067,9876500001,MO,VOICE,9971299001,5496060167,VI,2026-07-07 21:05:07,436,CGI00308,26.69558,80.66654,CGI01590,26.7422,81.19254,9161113711,387571775140105,404451238282586,,HOME,MSC7636,TG744,TG288
PAN100098,9387416172,SMS-MT,SMS,9631265478,6625612966,VI,2026-07-07 21:30:51,0,CGI00512,27.1733,80.80027,CGI00049,27.21862,81.13242,9182055138,27716701450899,404453588916375,,ROAM,MSC7305,TG252,TG959
PAN100010,9876500001,SMS-MO,SMS,9942645882,7785653776,JIO,2026-07-07 22:47:09,0,CGI01583,26.51681,81.13911,CGI03205,27.20713,81.07849,9124073380,563421607337543,404453036541458,,HOME,MSC9785,TG439,TG128
PAN100013,9387416172,SMS-MO,SMS,9773314235,8867654369,BSNL,2026-07-08 06:15:58,0,CGI03307,27.24171,80.50877,CGI03307,27.24171,80.50877,9189600766,889579868727743,404454873471434,,HOME,MSC9849,TG182,TG241
PAN100140,9876500001,MT,VOICE,9265192771,7544432520,JIO,2026-07-08 07:38:00,1866,CGI01583,26.51681,81.13911,CGI03779,26.5353,80.60778,9124808803,205020994510162,404452499982795,,HOME,MSC5903,TG430,TG477
PAN100024,9876500001,MT,VOICE,9631265478,8165932723,JIO,2026-07-08 07:58:29,3570,CGI00426,26.62773,80.76977,CGI02735,27.06135,80.63102,9163013961,459615865780913,404454316117240,9773314235,HOME,MSC6873,TG483,TG541
PAN100028,9123456780,MO,VOICE,9971299001,5948385094,BSNL,2026-07-08 08:15:56,160,CGI04991,27.27628,80.77472,CGI04991,27.27628,80.77472,9178831486,261796405377351,404455850643171,,ROAM,MSC1349,TG151,TG905
PAN100103,9812345678,MT,VOICE,9841300022,9258360187,BSNL,2026-07-08 08:55:43,1477,CGI00115,26.7565,80.8092,CGI00115,26.7565,80.8092,9131889524,840666580043973,404455989334721,,HOME,MSC9418,TG222,TG486
PAN100036,9876500001,MO,VOICE,9413319482,4741134891,AIRTEL,2026-07-08 08:57:53,625,CGI02386,27.12091,80.81141,CGI01583,26.51681,81.13911,9194975377,778892554665905,404451518644925,,ROAM,MSC6731,TG417,TG771
PAN100007,9123456780,MO,VOICE,9773314235,7085540042,AIRTEL,2026-07-08 11:44:46,3219,CGI03829,26.67931,80.92225,CGI03829,26.67931,80.92225,9125487660,430980500978820,404458121913619,,HOME,MSC2343,TG529,TG773
PAN100022,9123456780,SMS-MT,SMS,9356209981,6686110098,JIO,2026-07-08 13:12:33,0,CGI01037,26.92794,80.77018,CGI04960,26.6099,80.9001,9127321124,482477109324808,404456131712748,,ROAM,MSC7807,TG954,TG594
PAN100176,9387416172,SMS-MO,SMS,9942645882,5131255675,BSNL,2026-07-08 13:54:10,0,CGI00049,27.21862,81.13242,CGI00049,27.21862,81.13242,9182804241,545009025590561,404456556503334,,HOME,MSC2073,TG989,TG412
PAN100087,9387416172,MO,VOICE,9312850944,4794058803,BSNL,2026-07-08 14:42:16,3222,CGI00302,27.11504,80.77477,CGI03957,26.66549,80.98712,9149580252,270477434902115,404458693806868,,ROAM,MSC4860,TG587,TG406
PAN100070,9895986331,MO,VOICE,9999210533,8255855681,JIO,2026-07-08 15:07:36,3049,CGI03957,26.66549,80.98712,CGI03957,26.66549,80.98712,9196499894,783613407451713,404453959629233,,HOME,MSC9720,TG387,TG711
PAN100159,9876500001,SMS-MO,SMS,9895986331,5798671637,AIRTEL,2026-07-08 16:05:40,0,CGI00308,26.69558,80.66654,CGI03829,26.67931,80.92225,9125756766,181958837340312,404457722005436,,HOME,MSC8424,TG144,TG206
PAN100146,9387416172,MO,VOICE,9895986331,8632318104,BSNL,2026-07-08 16:19:21,1613,CGI00308,26.69558,80.66654,CGI00308,26.69558,80.66654,9176207390,217174773329456,404452557701715,,ROAM,MSC5624,TG886,TG456
PAN100049,9812345678,SMS-MT,SMS,9947003778,9717630506,JIO,2026-07-08 17:19:30,0,CGI00308,26.69558,80.66654,CGI00308,26.69558,80.66654,9155907088,940974993097289,404456230913075,,HOME,MSC7765,TG807,TG308
PAN100177,9387416172,MO,VOICE,9413319482,8382594391,BSNL,2026-07-08 17:27:36,1343,CGI00049,27.21862,81.13242,CGI02795,26.94363,80.60677,9178918579,56965917135785,404452945637183,,HOME,MSC7586,TG923,TG331
PAN100086,9123456780,MO,VOICE,9599837854,5864876473,JIO,2026-07-08 17:27:41,389,CGI03205,27.20713,81.07849,CGI03205,27.20713,81.07849,9113590593,533688444310698,404457205061497,,HOME,MSC3798,TG753,TG398
PAN100180,9876500001,SMS-MO,SMS,9720983465,9574778108,JIO,2026-07-08 18:03:55,0,CGI00302,27.11504,80.77477,CGI00302,27.11504,80.77477,9154627534,516231981898471,404453915596363,,HOME,MSC3869,TG319,TG381
PAN100143,9123456780,SMS-MT,SMS,9599837854,6237992459,VI,2026-07-08 18:26:59,0,CGI00115,26.7565,80.8092,CGI00115,26.7565,80.8092,9174514623,803955124056829,404459629145046,,HOME,MSC4893,TG480,TG562
PAN100099,9387416172,MT,VOICE,9255601111,5034622484,VI,2026-07-08 19:55:10,2078,CGI00302,27.11504,80.77477,CGI02735,27.06135,80.63102,9106757958,838663177971775,404451701660880,,ROAM,MSC5990,TG620,TG675
PAN100113,9123456780,SMS-MT,SMS,9895986331,7231461054,JIO,2026-07-08 20:38:02,0,CGI03829,26.67931,80.92225,CGI03829,26.67931,80.92225,9164725282,298068650863765,404459916247314,,HOME,MSC9908,TG518,TG363
PAN100041,9812345678,MT,VOICE,9841300022,8052753278,JIO,2026-07-08 22:30:40,725,CGI03205,27.20713,81.07849,CGI00302,27.11504,80.77477,9139385195,303054868740345,404450541566765,,HOME,MSC9151,TG476,TG916
PAN100125,9876500001,MO,VOICE,9971299001,8639522853,AIRTEL,2026-07-08 23:29:44,1729,CGI03829,26.67931,80.92225,CGI03829,26.67931,80.92225,9107521339,461872346013673,404450371837645,,ROAM,MSC9534,TG225,TG359
PAN100066,9876500001,SMS-MT,SMS,9502139564,8452872449,VI,2026-07-08 23:30:37,0,CGI04960,26.6099,80.9001,CGI04960,26.6099,80.9001,9194171759,891135290965610,404451438889937,,HOME,MSC8586,TG890,TG795
